{"stats":{"minecraft:mined":{"minecraft:spruce_planks":3,"minecraft:white_bed":2,"alexsmobs:leafcutter_anthill":1,"minecraft:brewing_stand":1,"minecraft:grass_block":4,"biomesoplenty:wilted_lily":2,"minecraft:sandstone_stairs":1,"minecraft:magma_block":1,"immersive_weathering:mossy_stone":1,"minecraft:iron_ore":36,"minecraft:cobbled_deepslate":2,"minecraft:deepslate_lapis_ore":7,"minecraft:orange_bed":9,"minecraft:cut_sandstone":3,"born_in_chaos_v1:infected_deepslate_diamond_ore":3,"minecraft:torch":1,"minecraft:light_gray_terracotta":1,"minecraft:poppy":1,"minecraft:melon":10,"minecraft:dead_bush":2,"minecraft:cobblestone":3,"minecraft:wall_torch":6,"dtterralith:azalea_oasis_leaves":1,"minecraft:wheat":10,"minecraft:tnt":1,"minecraft:grass":7,"minecraft:oak_log":1,"immersive_weathering:dtterralith/azalea_oasis_leaf_pile":1,"minecraft:sand":35,"minecraft:dirt":5,"minecraft:deepslate":214,"alexscaves:spelunkery_table":1,"minecraft:tuff":33,"iceandfire:silver_ore":8,"minecraft:deepslate_diamond_ore":6,"minecraft:decorated_pot":3,"alexsmobs:leafcutter_ant_chamber":1,"quark:jungle_chest":1,"minecraft:sandstone":20,"minecraft:hay_block":10,"dynamictrees:oak_leaves":10,"minecraft:furnace":6,"minecraft:carrots":2,"minecraft:raw_gold_block":4,"minecraft:andesite":9,"minecraft:gold_block":1,"minecraft:bookshelf":1,"minecraft:deepslate_iron_ore":13,"minecraft:stone":433,"biomesoplenty:orange_sand":14,"minecraft:crafting_table":14,"spelunkers_charm:dead_grass":1,"minecraft:tall_grass":16,"minecraft:copper_ore":29,"minecraft:deepslate_gold_ore":14,"minecraft:coal_ore":97,"minecraft:cracked_stone_bricks":1,"minecraft:stone_bricks":5,"minecraft:small_dripleaf":1,"minecraft:mossy_stone_bricks":6,"pots_and_mimics:treasure_pot":3},"minecraft:crafted":{"minecraft:oak_planks":8,"minecraft:cooked_mutton":11,"aquaculture:fish_fillet_raw":8,"minecraft:iron_boots":2,"minecraft:emerald":9,"minecraft:cooked_porkchop":9,"minecraft:crafting_table":2,"minecraft:iron_helmet":2,"minecraft:baked_potato":31,"minecraft:wooden_pickaxe":1,"minecraft:iron_chestplate":2,"minecraft:stick":44,"minecraft:iron_ingot":75,"minecraft:iron_pickaxe":4,"minecraft:gold_ingot":9,"quark:jungle_chest":1,"iceandfire:dragon_stick":1,"minecraft:furnace":2,"minecraft:iron_axe":2,"minecraft:stone_pickaxe":1,"aquaculture:fish_fillet_cooked":8,"minecraft:dark_oak_planks":8,"aquaculture:wooden_fillet_knife":1,"minecraft:wheat":90,"iceandfire:silver_ingot":7,"alexsmobs:cooked_kangaroo_meat":5,"minecraft:bucket":1,"minecraft:stone_axe":1,"minecraft:bread":33,"minecraft:air":0,"minecraft:jungle_planks":76,"minecraft:raw_gold":36,"minecraft:wooden_axe":1,"minecraft:iron_leggings":1,"minecraft:white_bed":1,"minecraft:torch":136},"minecraft:killed":{"born_in_chaos_v1:zombie_clown":1,"born_in_chaos_v1:zombie_lumberjack":2,"minecraft:spider":3,"aquaculture:gar":1,"minecraft:skeleton":5,"alexsmobs:leafcutter_ant":2,"alexsmobs:kangaroo":4,"aquaculture:carp":1,"minecraft:pig":4,"born_in_chaos_v1:diamond_termite":5,"minecraft:creeper":2,"minecraft:sheep":9,"minecraft:zombie":8,"born_in_chaos_v1:dread_hound":1,"born_in_chaos_v1:corpse_fly":5,"born_in_chaos_v1:door_knight":1,"takesapillage:archer":1,"alexsmobs:jerboa":2,"alexsmobs:farseer":1,"aquaculture:boulti":1,"born_in_chaos_v1:zombie_bruiser":1,"born_in_chaos_v1:maggot":2,"minecraft:phantom":1,"born_in_chaos_v1:fallen_chaos_knight":1,"alexsmobs:guster":7,"born_in_chaos_v1:baby_skeleton":2,"born_in_chaos_v1:swarmer":1,"born_in_chaos_v1:spirit_guide_assistant":2,"alexsmobs:emu":2,"born_in_chaos_v1:phantom_creeper_copy":1,"iceandfire:ghost":5,"aquaculture:synodontis":1,"alexsmobs:gazelle":5,"mutantmonsters:mutant_zombie":1,"minecraft:enderman":1},"minecraft:dropped":{"minecraft:glow_ink_sac":2,"minecraft:golden_pickaxe":1,"minecraft:dark_oak_sapling":1,"minecraft:sandstone_stairs":1,"minecraft:dirt":1,"born_in_chaos_v1:darkwarblade":1,"minecraft:cut_sandstone":2,"biomesoplenty:wilted_lily":2,"minecraft:sand":231,"minecraft:white_wool":3,"minecraft:bone":4,"minecraft:stone_axe":2,"alexsmobs:gazelle_horn":2,"minecraft:rotten_flesh":56,"minecraft:carrot":38,"iceandfire:dread_queen_sword":2,"minecraft:poppy":2,"minecraft:leather_chestplate":1,"dtterralith:oasis_seed":4,"aquaculture:wooden_fillet_knife":1,"born_in_chaos_v1:corpse_maggot":1,"immersive_weathering:tallow":6,"minecraft:arrow":8,"iceandfire:manuscript":7,"minecraft:water_bucket":1,"minecraft:golden_boots":1,"minecraft:iron_ingot":2,"minecraft:mossy_cobblestone":1,"minecraft:diamond_leggings":2,"minecraft:cobblestone":9,"lets_forge_bronze_and_iron:gilded_athenian_hoplita_chestplate":1,"minecraft:coal":1,"minecraft:golden_apple":3,"minecraft:stick":16,"minecraft:cobweb":7,"biomesoplenty:orange_sand":2,"minecraft:stripped_birch_log":1,"minecraft:orange_bed":1,"minecraft:moss_carpet":3,"minecraft:tuff":20,"minecraft:raw_iron":1,"minecraft:iron_boots":1,"minecraft:iron_hoe":1,"minecraft:potato":64,"minecraft:pink_wool":1,"minecraft:miner_pottery_sherd":1,"minecraft:stone_bricks":1,"minecraft:diamond_boots":1,"minecraft:sandstone":4,"minecraft:heartbreak_pottery_sherd":1},"minecraft:custom":{"minecraft:interact_with_crafting_table":36,"minecraft:open_barrel":4,"minecraft:leave_game":25,"minecraft:time_since_death":99035,"minecraft:sprint_one_cm":557650,"minecraft:drop":138,"minecraft:talked_to_villager":1,"minecraft:play_time":327961,"minecraft:deaths":15,"minecraft:jump":4886,"minecraft:walk_on_water_one_cm":98002,"minecraft:interact_with_furnace":62,"minecraft:interact_with_loom":1,"minecraft:sleep_in_bed":6,"minecraft:damage_dealt":22279,"minecraft:crouch_one_cm":23256,"minecraft:interact_with_smoker":1,"minecraft:mob_kills":94,"minecraft:damage_dealt_resisted":1340,"minecraft:climb_one_cm":5137,"minecraft:walk_one_cm":423531,"minecraft:sneak_time":12904,"minecraft:walk_under_water_one_cm":11542,"minecraft:total_world_time":327961,"minecraft:time_since_rest":10706,"minecraft:damage_taken":9342,"minecraft:trigger_trapped_chest":5,"minecraft:swim_one_cm":13597,"minecraft:fly_one_cm":1383271,"minecraft:open_chest":30,"minecraft:fall_one_cm":105777},"minecraft:broken":{"minecraft:leather_leggings":1,"minecraft:stone_pickaxe":1,"minecraft:leather_boots":1,"minecraft:iron_pickaxe":2,"minecraft:golden_pickaxe":1},"minecraft:picked_up":{"minecraft:wooden_axe":3,"minecraft:iron_chestplate":2,"minecraft:wheat":9,"aquaculture:synodontis":1,"minecraft:brewing_stand":3,"alexsmobs:gazelle_horn":2,"minecraft:string":12,"minecraft:raw_copper":111,"minecraft:iron_leggings":2,"alexsmobs:emu_feather":6,"minecraft:diamond_leggings":2,"minecraft:cobbled_deepslate":203,"minecraft:spruce_planks":2,"minecraft:iron_pickaxe":4,"born_in_chaos_v1:stimulating_decoction":6,"minecraft:melon_slice":159,"minecraft:iron_boots":3,"minecraft:furnace":9,"minecraft:stick":109,"born_in_chaos_v1:phantom_powder":1,"minecraft:torch":28,"born_in_chaos_v1:pileof_dark_metal":1,"minecraft:porkchop":18,"aquaculture:fish_fillet_cooked":4,"mutantmonsters:hulk_hammer":1,"minecraft:orange_bed":14,"minecraft:rotten_flesh":81,"dtterralith:oasis_seed":7,"minecraft:cobblestone":223,"minecraft:leather_chestplate":4,"minecraft:andesite":9,"minecraft:water_bucket":3,"minecraft:jungle_log":20,"minecraft:potato":95,"minecraft:tuff":20,"alexsmobs:cooked_kangaroo_meat":3,"minecraft:lapis_lazuli":53,"minecraft:dirt":4,"minecraft:name_tag":2,"minecraft:leather_boots":4,"minecraft:bone":39,"minecraft:wheat_seeds":30,"minecraft:raw_gold":14,"immersive_weathering:tallow":6,"aquaculture:gar":1,"iceandfire:dragon_skull_fire":1,"minecraft:jungle_planks":113,"minecraft:sand":543,"minecraft:dark_oak_log":2,"minecraft:mossy_cobblestone":1,"minecraft:iron_hoe":2,"alexsmobs:kangaroo_hide":6,"minecraft:diamond":6,"minecraft:miner_pottery_sherd":1,"minecraft:golden_apple":3,"minecraft:bread":58,"minecraft:emerald":42,"iceandfire:raw_silver":7,"minecraft:crafting_table":22,"born_in_chaos_v1:diamond_termite_shard":4,"minecraft:leather_leggings":4,"born_in_chaos_v1:seedof_chaos":1,"minecraft:golden_pickaxe":5,"minecraft:wooden_pickaxe":1,"minecraft:pink_wool":1,"minecraft:gold_block":1,"minecraft:moss_carpet":3,"minecraft:iron_axe":2,"minecraft:flint_and_steel":2,"minecraft:poppy":4,"minecraft:light_gray_wool":2,"minecraft:dark_oak_sapling":1,"iceandfire:dragonbone":15,"minecraft:raw_iron":52,"minecraft:sandstone":180,"minecraft:raw_gold_block":4,"minecraft:copper_ingot":15,"quark:jungle_chest":1,"biomesoplenty:wilted_lily":2,"born_in_chaos_v1:pieceofdarkmetal":1,"minecraft:carrot":46,"minecraft:dark_oak_planks":1,"mutantmonsters:creeper_shard":1,"minecraft:tnt":1,"minecraft:arrow":28,"minecraft:decorated_pot":1,"alexscaves:spelunkery_table":1,"minecraft:diamond_boots":1,"minecraft:hay_block":10,"minecraft:sandstone_stairs":1,"aquaculture:carp":1,"iceandfire:dread_queen_sword":3,"born_in_chaos_v1:trident_hayfork":1,"minecraft:mutton":38,"minecraft:white_wool":10,"alexsmobs:kangaroo_meat":5,"biomesoplenty:orange_sand":16,"minecraft:heartbreak_pottery_sherd":1,"lets_forge_bronze_and_iron:gilded_athenian_hoplita_chestplate":1,"born_in_chaos_v1:corpse_maggot":7,"minecraft:glow_ink_sac":2,"born_in_chaos_v1:darkwarblade":1,"minecraft:salmon":10,"minecraft:cut_sandstone":34,"minecraft:leather":6,"minecraft:oak_log":2,"minecraft:golden_boots":2,"minecraft:gunpowder":2,"minecraft:white_banner":3,"minecraft:apple":7,"minecraft:stone_bricks":1,"iceandfire:dragon_stick":2,"minecraft:iron_ingot":11,"minecraft:stone_pickaxe":1,"minecraft:cobweb":9,"minecraft:iron_sword":1,"minecraft:book":31,"minecraft:white_bed":2,"minecraft:gold_ore":1,"aquaculture:boulti":1,"minecraft:stone_axe":4,"aquaculture:wooden_fillet_knife":1,"minecraft:chainmail_leggings":1,"minecraft:iron_helmet":2,"minecraft:baked_potato":22,"minecraft:coal":245},"minecraft:used":{"cardinal_sins:scytheofsloth":36,"minecraft:decorated_pot":1,"minecraft:iron_sword":87,"minecraft:rotten_flesh":2,"minecraft:carrot":8,"born_in_chaos_v1:corpse_maggot":3,"dtterralith:oasis_seed":2,"minecraft:iron_helmet":1,"mutantmonsters:hulk_hammer":9,"minecraft:furnace":6,"aquaculture:fish_fillet_cooked":8,"minecraft:stone_pickaxe":133,"minecraft:wooden_pickaxe":34,"minecraft:sandstone":267,"minecraft:sand":361,"minecraft:bread":19,"minecraft:golden_pickaxe":117,"born_in_chaos_v1:darkwarblade":20,"quark:jungle_chest":1,"minecraft:spruce_planks":2,"minecraft:orange_bed":9,"minecraft:torch":143,"minecraft:dirt":2,"alexsmobs:cooked_kangaroo_meat":5,"minecraft:wooden_axe":19,"minecraft:dark_oak_planks":1,"minecraft:bookshelf":1,"minecraft:iron_axe":71,"mutantmonsters:creeper_shard":69,"biomesoplenty:orange_sand":12,"born_in_chaos_v1:transmuting_elixir":43,"iceandfire:dread_queen_sword":14,"minecraft:cobbled_deepslate":33,"born_in_chaos_v1:trident_hayfork":14,"minecraft:cooked_mutton":11,"minecraft:water_bucket":73,"minecraft:baked_potato":31,"minecraft:cut_sandstone":1,"minecraft:crafting_table":14,"minecraft:white_bed":3,"minecraft:apple":2,"minecraft:iron_pickaxe":687,"minecraft:stone_axe":68,"minecraft:cobblestone":40,"minecraft:cooked_porkchop":9,"minecraft:bucket":74}},"DataVersion":3465}