{"stats":{"minecraft:dropped":{"minecraft:stripped_birch_log":1,"minecraft:diamond_boots":1,"minecraft:sand":1,"minecraft:golden_apple":3,"minecraft:diamond_leggings":1},"minecraft:picked_up":{"mutantmonsters:creeper_shard":1,"minecraft:sandstone":155,"mutantmonsters:hulk_hammer":1,"minecraft:bone":1,"minecraft:arrow":2,"minecraft:diamond_leggings":1,"minecraft:diamond_boots":1,"minecraft:sand":422,"minecraft:golden_apple":3,"minecraft:golden_boots":1,"minecraft:gunpowder":2},"minecraft:used":{"cardinal_sins:scytheofsloth":28,"minecraft:sand":326,"mutantmonsters:hulk_hammer":9,"born_in_chaos_v1:darkwarblade":20,"mutantmonsters:creeper_shard":69,"minecraft:sandstone":258,"born_in_chaos_v1:transmuting_elixir":43},"minecraft:custom":{"minecraft:time_since_rest":68571,"minecraft:crouch_one_cm":330,"minecraft:sprint_one_cm":18699,"minecraft:play_time":69132,"minecraft:deaths":1,"minecraft:damage_taken":454,"minecraft:walk_one_cm":36676,"minecraft:sneak_time":144,"minecraft:mob_kills":12,"minecraft:drop":5,"minecraft:jump":328,"minecraft:damage_dealt":6558,"minecraft:leave_game":6,"minecraft:time_since_death":64748,"minecraft:total_world_time":69132,"minecraft:fall_one_cm":2781,"minecraft:fly_one_cm":216413},"minecraft:mined":{"minecraft:sand":1},"minecraft:killed":{"minecraft:skeleton":1,"mutantmonsters:mutant_zombie":1,"alexsmobs:guster":6,"minecraft:zombie":1,"minecraft:creeper":1,"minecraft:enderman":1}},"DataVersion":3465}