{"stats":{"minecraft:picked_up":{"minecraft:wooden_axe":2,"born_in_chaos_v1:corpse_maggot":4,"lets_forge_bronze_and_iron:gilded_athenian_hoplita_chestplate":1,"minecraft:crafting_table":5,"aquaculture:synodontis":1,"born_in_chaos_v1:darkwarblade":1,"minecraft:jungle_log":6,"born_in_chaos_v1:seedof_chaos":1,"minecraft:golden_boots":2,"minecraft:gunpowder":2,"minecraft:bone":5,"minecraft:diamond_leggings":2,"minecraft:iron_pickaxe":1,"minecraft:iron_boots":1,"minecraft:furnace":1,"minecraft:stick":17,"minecraft:sandstone":158,"aquaculture:gar":1,"born_in_chaos_v1:phantom_powder":1,"biomesoplenty:wilted_lily":2,"born_in_chaos_v1:pileof_dark_metal":1,"minecraft:sand":504,"minecraft:jungle_planks":4,"aquaculture:boulti":1,"mutantmonsters:creeper_shard":1,"mutantmonsters:hulk_hammer":1,"minecraft:iron_hoe":1,"minecraft:arrow":2,"minecraft:rotten_flesh":8,"minecraft:diamond_boots":1,"dtterralith:oasis_seed":2,"aquaculture:carp":1,"minecraft:golden_apple":3,"iceandfire:dread_queen_sword":3,"born_in_chaos_v1:trident_hayfork":1,"minecraft:cobblestone":34},"minecraft:dropped":{"minecraft:golden_boots":1,"minecraft:diamond_leggings":2,"minecraft:iron_boots":1,"lets_forge_bronze_and_iron:gilded_athenian_hoplita_chestplate":1,"minecraft:golden_apple":3,"iceandfire:dread_queen_sword":2,"born_in_chaos_v1:darkwarblade":1,"minecraft:stripped_birch_log":1,"biomesoplenty:wilted_lily":2,"minecraft:diamond_boots":1,"minecraft:sand":231},"minecraft:custom":{"minecraft:interact_with_furnace":19,"minecraft:mob_kills":30,"minecraft:interact_with_crafting_table":7,"minecraft:damage_dealt_resisted":1203,"minecraft:leave_game":18,"minecraft:time_since_death":10059,"minecraft:climb_one_cm":1059,"minecraft:time_since_rest":10087,"minecraft:sprint_one_cm":121741,"minecraft:damage_taken":1090,"minecraft:walk_one_cm":106362,"minecraft:drop":18,"minecraft:damage_dealt":10400,"minecraft:swim_one_cm":6800,"minecraft:fly_one_cm":682349,"minecraft:crouch_one_cm":1833,"minecraft:play_time":137566,"minecraft:deaths":4,"minecraft:sneak_time":1716,"minecraft:walk_under_water_one_cm":1109,"minecraft:jump":1048,"minecraft:walk_on_water_one_cm":6073,"minecraft:total_world_time":137566,"minecraft:fall_one_cm":15316},"minecraft:killed":{"alexsmobs:farseer":1,"born_in_chaos_v1:fallen_chaos_knight":1,"alexsmobs:guster":7,"born_in_chaos_v1:zombie_lumberjack":1,"born_in_chaos_v1:swarmer":1,"aquaculture:boulti":1,"aquaculture:gar":1,"minecraft:creeper":1,"born_in_chaos_v1:maggot":2,"minecraft:skeleton":1,"born_in_chaos_v1:phantom_creeper_copy":1,"minecraft:zombie":1,"aquaculture:synodontis":1,"born_in_chaos_v1:corpse_fly":4,"mutantmonsters:mutant_zombie":1,"born_in_chaos_v1:door_knight":1,"aquaculture:carp":1,"minecraft:enderman":1,"alexsmobs:jerboa":1},"minecraft:crafted":{"minecraft:crafting_table":1,"minecraft:wooden_pickaxe":1,"minecraft:furnace":1,"minecraft:air":0,"minecraft:jungle_planks":20,"aquaculture:fish_fillet_raw":8,"minecraft:wooden_axe":1,"aquaculture:fish_fillet_cooked":8,"aquaculture:wooden_fillet_knife":1},"minecraft:used":{"born_in_chaos_v1:trident_hayfork":14,"cardinal_sins:scytheofsloth":36,"born_in_chaos_v1:darkwarblade":20,"minecraft:wooden_pickaxe":33,"minecraft:sandstone":261,"minecraft:sand":330,"minecraft:crafting_table":3,"minecraft:wooden_axe":10,"dtterralith:oasis_seed":2,"born_in_chaos_v1:corpse_maggot":1,"mutantmonsters:creeper_shard":69,"born_in_chaos_v1:transmuting_elixir":43,"mutantmonsters:hulk_hammer":9,"iceandfire:dread_queen_sword":14,"minecraft:furnace":1,"aquaculture:fish_fillet_cooked":4},"minecraft:mined":{"minecraft:crafting_table":3,"minecraft:dead_bush":1,"biomesoplenty:wilted_lily":2,"minecraft:sandstone":3,"minecraft:furnace":1,"immersive_weathering:dtterralith/azalea_oasis_leaf_pile":1,"minecraft:sand":17,"minecraft:stone":29,"minecraft:small_dripleaf":1}},"DataVersion":3465}