{"stats":{"minecraft:mined":{"alexscaves:spelunkery_table":1,"minecraft:tuff":33,"minecraft:spruce_planks":3,"minecraft:white_bed":2,"iceandfire:silver_ore":8,"minecraft:deepslate_diamond_ore":6,"alexsmobs:leafcutter_anthill":1,"minecraft:brewing_stand":1,"minecraft:grass_block":2,"minecraft:decorated_pot":2,"alexsmobs:leafcutter_ant_chamber":1,"quark:jungle_chest":1,"biomesoplenty:wilted_lily":2,"minecraft:sandstone":20,"minecraft:sandstone_stairs":1,"minecraft:hay_block":10,"minecraft:magma_block":1,"minecraft:furnace":5,"minecraft:carrots":2,"minecraft:raw_gold_block":4,"minecraft:iron_ore":36,"immersive_weathering:mossy_stone":1,"minecraft:cobbled_deepslate":2,"minecraft:deepslate_lapis_ore":7,"minecraft:gold_block":1,"minecraft:bookshelf":1,"minecraft:deepslate_iron_ore":13,"minecraft:stone":416,"minecraft:orange_bed":7,"minecraft:cut_sandstone":3,"biomesoplenty:orange_sand":14,"born_in_chaos_v1:infected_deepslate_diamond_ore":3,"minecraft:crafting_table":14,"minecraft:torch":1,"minecraft:poppy":1,"minecraft:melon":10,"spelunkers_charm:dead_grass":1,"minecraft:dead_bush":2,"minecraft:copper_ore":29,"minecraft:tall_grass":1,"minecraft:cobblestone":3,"minecraft:deepslate_gold_ore":14,"minecraft:wall_torch":5,"dtterralith:azalea_oasis_leaves":1,"minecraft:wheat":10,"minecraft:tnt":1,"minecraft:grass":2,"immersive_weathering:dtterralith/azalea_oasis_leaf_pile":1,"minecraft:coal_ore":97,"minecraft:oak_log":1,"minecraft:sand":35,"minecraft:dirt":3,"minecraft:small_dripleaf":1,"pots_and_mimics:treasure_pot":3,"minecraft:deepslate":214},"minecraft:crafted":{"minecraft:oak_planks":8,"quark:jungle_chest":1,"iceandfire:dragon_stick":1,"minecraft:furnace":2,"minecraft:cooked_mutton":3,"aquaculture:fish_fillet_raw":8,"minecraft:iron_boots":2,"minecraft:iron_axe":2,"minecraft:stone_pickaxe":1,"aquaculture:fish_fillet_cooked":8,"minecraft:dark_oak_planks":8,"aquaculture:wooden_fillet_knife":1,"minecraft:wheat":90,"minecraft:emerald":9,"iceandfire:silver_ingot":7,"minecraft:cooked_porkchop":9,"minecraft:crafting_table":2,"minecraft:wooden_pickaxe":1,"minecraft:baked_potato":31,"minecraft:iron_helmet":2,"alexsmobs:cooked_kangaroo_meat":5,"minecraft:bucket":1,"minecraft:stone_axe":1,"minecraft:bread":33,"minecraft:air":0,"minecraft:jungle_planks":76,"minecraft:iron_chestplate":2,"minecraft:raw_gold":36,"minecraft:stick":44,"minecraft:iron_ingot":75,"minecraft:iron_pickaxe":4,"minecraft:wooden_axe":1,"minecraft:iron_leggings":1,"minecraft:gold_ingot":9,"minecraft:white_bed":1,"minecraft:torch":136},"minecraft:killed":{"alexsmobs:farseer":1,"born_in_chaos_v1:zombie_clown":1,"born_in_chaos_v1:zombie_lumberjack":2,"minecraft:spider":3,"aquaculture:boulti":1,"aquaculture:gar":1,"born_in_chaos_v1:zombie_bruiser":1,"minecraft:phantom":1,"born_in_chaos_v1:maggot":2,"minecraft:skeleton":4,"alexsmobs:leafcutter_ant":2,"alexsmobs:kangaroo":4,"aquaculture:carp":1,"born_in_chaos_v1:fallen_chaos_knight":1,"alexsmobs:guster":7,"minecraft:pig":4,"born_in_chaos_v1:diamond_termite":5,"born_in_chaos_v1:baby_skeleton":2,"born_in_chaos_v1:swarmer":1,"born_in_chaos_v1:spirit_guide_assistant":2,"minecraft:creeper":2,"alexsmobs:emu":2,"minecraft:sheep":4,"born_in_chaos_v1:phantom_creeper_copy":1,"minecraft:zombie":7,"born_in_chaos_v1:dread_hound":1,"aquaculture:synodontis":1,"alexsmobs:gazelle":5,"born_in_chaos_v1:corpse_fly":5,"mutantmonsters:mutant_zombie":1,"born_in_chaos_v1:door_knight":1,"takesapillage:archer":1,"minecraft:enderman":1,"alexsmobs:jerboa":2},"minecraft:dropped":{"minecraft:water_bucket":1,"minecraft:golden_boots":1,"minecraft:iron_ingot":2,"minecraft:glow_ink_sac":2,"minecraft:golden_pickaxe":1,"minecraft:mossy_cobblestone":1,"minecraft:dark_oak_sapling":1,"minecraft:sandstone_stairs":1,"minecraft:diamond_leggings":2,"minecraft:cobblestone":9,"lets_forge_bronze_and_iron:gilded_athenian_hoplita_chestplate":1,"minecraft:coal":1,"minecraft:golden_apple":3,"minecraft:stick":16,"minecraft:cobweb":7,"minecraft:dirt":1,"biomesoplenty:orange_sand":2,"born_in_chaos_v1:darkwarblade":1,"minecraft:cut_sandstone":2,"minecraft:stripped_birch_log":1,"biomesoplenty:wilted_lily":2,"minecraft:sand":231,"minecraft:orange_bed":1,"minecraft:bone":4,"minecraft:stone_axe":2,"minecraft:moss_carpet":3,"alexsmobs:gazelle_horn":2,"minecraft:tuff":20,"minecraft:raw_iron":1,"minecraft:rotten_flesh":56,"minecraft:iron_boots":1,"minecraft:iron_hoe":1,"minecraft:carrot":38,"iceandfire:dread_queen_sword":2,"minecraft:poppy":2,"minecraft:leather_chestplate":1,"minecraft:potato":64,"dtterralith:oasis_seed":4,"aquaculture:wooden_fillet_knife":1,"born_in_chaos_v1:corpse_maggot":1,"immersive_weathering:tallow":6,"minecraft:diamond_boots":1,"minecraft:sandstone":4,"minecraft:arrow":8},"minecraft:custom":{"minecraft:mob_kills":82,"minecraft:interact_with_crafting_table":36,"minecraft:open_barrel":4,"minecraft:damage_dealt_resisted":1340,"minecraft:leave_game":24,"minecraft:time_since_death":86096,"minecraft:climb_one_cm":4403,"minecraft:sprint_one_cm":507063,"minecraft:walk_one_cm":392208,"minecraft:drop":132,"minecraft:talked_to_villager":1,"minecraft:play_time":315022,"minecraft:deaths":15,"minecraft:sneak_time":12627,"minecraft:walk_under_water_one_cm":11542,"minecraft:jump":4365,"minecraft:walk_on_water_one_cm":98002,"minecraft:total_world_time":315022,"minecraft:interact_with_furnace":54,"minecraft:interact_with_loom":1,"minecraft:sleep_in_bed":5,"minecraft:time_since_rest":61628,"minecraft:damage_taken":8414,"minecraft:damage_dealt":19984,"minecraft:swim_one_cm":13597,"minecraft:fly_one_cm":1284605,"minecraft:open_chest":29,"minecraft:crouch_one_cm":22624,"minecraft:fall_one_cm":95616},"minecraft:broken":{"minecraft:leather_leggings":1,"minecraft:stone_pickaxe":1,"minecraft:leather_boots":1,"minecraft:iron_pickaxe":2,"minecraft:golden_pickaxe":1},"minecraft:picked_up":{"minecraft:wooden_axe":3,"born_in_chaos_v1:diamond_termite_shard":4,"minecraft:iron_chestplate":2,"minecraft:crafting_table":22,"minecraft:wheat":9,"aquaculture:synodontis":1,"born_in_chaos_v1:seedof_chaos":1,"minecraft:golden_pickaxe":5,"minecraft:leather_leggings":4,"minecraft:wooden_pickaxe":1,"minecraft:gold_block":1,"minecraft:brewing_stand":3,"alexsmobs:gazelle_horn":2,"minecraft:string":12,"minecraft:moss_carpet":3,"minecraft:raw_copper":111,"minecraft:iron_axe":2,"minecraft:flint_and_steel":2,"minecraft:iron_leggings":2,"minecraft:diamond_leggings":2,"alexsmobs:emu_feather":6,"minecraft:cobbled_deepslate":203,"minecraft:spruce_planks":2,"minecraft:iron_pickaxe":4,"minecraft:poppy":4,"minecraft:light_gray_wool":2,"minecraft:melon_slice":159,"born_in_chaos_v1:stimulating_decoction":6,"minecraft:iron_boots":3,"minecraft:furnace":8,"minecraft:raw_iron":52,"minecraft:dark_oak_sapling":1,"minecraft:stick":109,"minecraft:sandstone":180,"iceandfire:dragonbone":15,"minecraft:raw_gold_block":4,"minecraft:copper_ingot":15,"born_in_chaos_v1:phantom_powder":1,"minecraft:torch":26,"quark:jungle_chest":1,"minecraft:porkchop":18,"biomesoplenty:wilted_lily":2,"born_in_chaos_v1:pileof_dark_metal":1,"born_in_chaos_v1:pieceofdarkmetal":1,"minecraft:carrot":46,"minecraft:dark_oak_planks":1,"minecraft:orange_bed":12,"mutantmonsters:creeper_shard":1,"mutantmonsters:hulk_hammer":1,"aquaculture:fish_fillet_cooked":4,"minecraft:tnt":1,"minecraft:arrow":28,"minecraft:rotten_flesh":81,"minecraft:decorated_pot":1,"minecraft:diamond_boots":1,"minecraft:hay_block":10,"minecraft:sandstone_stairs":1,"alexscaves:spelunkery_table":1,"dtterralith:oasis_seed":7,"aquaculture:carp":1,"iceandfire:dread_queen_sword":3,"born_in_chaos_v1:trident_hayfork":1,"minecraft:mutton":30,"alexsmobs:kangaroo_meat":5,"minecraft:cobblestone":223,"biomesoplenty:orange_sand":16,"minecraft:white_wool":6,"born_in_chaos_v1:corpse_maggot":7,"lets_forge_bronze_and_iron:gilded_athenian_hoplita_chestplate":1,"minecraft:leather_chestplate":4,"minecraft:jungle_log":20,"born_in_chaos_v1:darkwarblade":1,"minecraft:glow_ink_sac":2,"minecraft:water_bucket":3,"minecraft:salmon":10,"minecraft:leather":6,"minecraft:cut_sandstone":34,"minecraft:potato":95,"minecraft:tuff":20,"minecraft:oak_log":2,"alexsmobs:cooked_kangaroo_meat":3,"minecraft:golden_boots":2,"minecraft:gunpowder":2,"minecraft:dirt":4,"minecraft:lapis_lazuli":53,"minecraft:white_banner":3,"minecraft:name_tag":2,"minecraft:leather_boots":4,"minecraft:bone":37,"minecraft:apple":7,"minecraft:wheat_seeds":30,"minecraft:raw_gold":14,"iceandfire:dragon_stick":2,"minecraft:iron_ingot":11,"minecraft:stone_pickaxe":1,"minecraft:cobweb":9,"immersive_weathering:tallow":6,"minecraft:iron_sword":1,"minecraft:book":31,"aquaculture:gar":1,"iceandfire:dragon_skull_fire":1,"minecraft:sand":543,"minecraft:jungle_planks":113,"minecraft:white_bed":2,"minecraft:gold_ore":1,"minecraft:dark_oak_log":2,"minecraft:mossy_cobblestone":1,"aquaculture:boulti":1,"minecraft:iron_hoe":2,"alexsmobs:kangaroo_hide":6,"minecraft:diamond":6,"minecraft:stone_axe":4,"aquaculture:wooden_fillet_knife":1,"minecraft:chainmail_leggings":1,"minecraft:iron_helmet":2,"minecraft:golden_apple":3,"minecraft:emerald":42,"minecraft:bread":58,"minecraft:baked_potato":22,"minecraft:coal":183,"iceandfire:raw_silver":7},"minecraft:used":{"cardinal_sins:scytheofsloth":36,"born_in_chaos_v1:darkwarblade":20,"quark:jungle_chest":1,"minecraft:decorated_pot":1,"minecraft:spruce_planks":2,"minecraft:iron_sword":33,"minecraft:rotten_flesh":2,"minecraft:orange_bed":6,"minecraft:torch":131,"minecraft:dirt":2,"alexsmobs:cooked_kangaroo_meat":5,"minecraft:carrot":8,"dtterralith:oasis_seed":2,"minecraft:dark_oak_planks":1,"minecraft:wooden_axe":19,"born_in_chaos_v1:corpse_maggot":3,"minecraft:bookshelf":1,"minecraft:iron_axe":70,"mutantmonsters:creeper_shard":69,"biomesoplenty:orange_sand":12,"minecraft:iron_helmet":1,"born_in_chaos_v1:transmuting_elixir":43,"iceandfire:dread_queen_sword":14,"mutantmonsters:hulk_hammer":9,"minecraft:furnace":5,"aquaculture:fish_fillet_cooked":8,"minecraft:cobbled_deepslate":11,"born_in_chaos_v1:trident_hayfork":14,"minecraft:cooked_mutton":1,"minecraft:water_bucket":72,"minecraft:baked_potato":31,"minecraft:stone_pickaxe":133,"minecraft:sandstone":267,"minecraft:cut_sandstone":1,"minecraft:wooden_pickaxe":34,"minecraft:sand":361,"minecraft:crafting_table":14,"minecraft:white_bed":3,"minecraft:apple":2,"minecraft:iron_pickaxe":646,"minecraft:bread":19,"minecraft:stone_axe":68,"minecraft:cobblestone":40,"minecraft:cooked_porkchop":9,"minecraft:bucket":73,"minecraft:golden_pickaxe":117}},"DataVersion":3465}