{"stats":{"minecraft:dropped":{"minecraft:stripped_birch_log":1,"minecraft:diamond_boots":1,"minecraft:diamond_leggings":1},"minecraft:picked_up":{"minecraft:diamond_leggings":1,"minecraft:diamond_boots":1,"minecraft:gunpowder":2},"minecraft:used":{"cardinal_sins:scytheofsloth":2},"minecraft:custom":{"minecraft:time_since_rest":39006,"minecraft:crouch_one_cm":192,"minecraft:sprint_one_cm":3255,"minecraft:play_time":39567,"minecraft:deaths":1,"minecraft:damage_taken":270,"minecraft:walk_one_cm":5933,"minecraft:sneak_time":67,"minecraft:mob_kills":1,"minecraft:drop":3,"minecraft:jump":42,"minecraft:damage_dealt":200,"minecraft:leave_game":5,"minecraft:time_since_death":35183,"minecraft:total_world_time":39567,"minecraft:fall_one_cm":209,"minecraft:fly_one_cm":38724},"minecraft:killed":{"minecraft:creeper":1},"minecraft:mined":{"minecraft:sand":1}},"DataVersion":3465}