{"stats":{"minecraft:dropped":{"minecraft:stripped_birch_log":1,"minecraft:diamond_boots":1,"minecraft:sand":1,"minecraft:golden_apple":3,"minecraft:diamond_leggings":1},"minecraft:picked_up":{"mutantmonsters:creeper_shard":1,"mutantmonsters:hulk_hammer":1,"minecraft:sandstone":155,"minecraft:arrow":2,"minecraft:bone":1,"minecraft:diamond_leggings":1,"minecraft:diamond_boots":1,"minecraft:sand":422,"minecraft:golden_apple":3,"minecraft:golden_boots":1,"minecraft:gunpowder":2},"minecraft:used":{"cardinal_sins:scytheofsloth":28,"minecraft:sand":326,"mutantmonsters:hulk_hammer":9,"born_in_chaos_v1:darkwarblade":20,"mutantmonsters:creeper_shard":69,"minecraft:sandstone":258,"born_in_chaos_v1:transmuting_elixir":43},"minecraft:killed":{"minecraft:skeleton":1,"alexsmobs:guster":6,"mutantmonsters:mutant_zombie":1,"minecraft:zombie":1,"minecraft:creeper":1,"minecraft:enderman":1},"minecraft:mined":{"minecraft:sand":1},"minecraft:custom":{"minecraft:time_since_rest":71614,"minecraft:damage_taken":454,"minecraft:crouch_one_cm":330,"minecraft:play_time":72175,"minecraft:sprint_one_cm":18699,"minecraft:walk_one_cm":36894,"minecraft:deaths":1,"minecraft:sneak_time":144,"minecraft:mob_kills":12,"minecraft:drop":5,"minecraft:jump":329,"minecraft:damage_dealt":6558,"minecraft:leave_game":7,"minecraft:time_since_death":67791,"minecraft:total_world_time":72175,"minecraft:fall_one_cm":2781,"minecraft:fly_one_cm":219204}},"DataVersion":3465}