{"stats":{"minecraft:picked_up":{"lets_forge_bronze_and_iron:gilded_athenian_hoplita_chestplate":1,"minecraft:sandstone":155,"born_in_chaos_v1:darkwarblade":1,"minecraft:jungle_log":1,"born_in_chaos_v1:seedof_chaos":1,"born_in_chaos_v1:phantom_powder":1,"born_in_chaos_v1:pileof_dark_metal":1,"minecraft:sand":487,"minecraft:golden_boots":2,"minecraft:gunpowder":2,"mutantmonsters:creeper_shard":1,"mutantmonsters:hulk_hammer":1,"minecraft:bone":4,"minecraft:arrow":2,"minecraft:rotten_flesh":5,"minecraft:diamond_leggings":2,"minecraft:diamond_boots":1,"minecraft:golden_apple":3,"born_in_chaos_v1:trident_hayfork":1,"minecraft:iron_boots":1},"minecraft:dropped":{"minecraft:golden_boots":1,"born_in_chaos_v1:darkwarblade":1,"minecraft:diamond_leggings":2,"minecraft:stripped_birch_log":1,"minecraft:iron_boots":1,"minecraft:diamond_boots":1,"minecraft:sand":231,"lets_forge_bronze_and_iron:gilded_athenian_hoplita_chestplate":1,"minecraft:golden_apple":3},"minecraft:killed":{"minecraft:skeleton":1,"born_in_chaos_v1:phantom_creeper_copy":1,"born_in_chaos_v1:fallen_chaos_knight":1,"alexsmobs:guster":7,"minecraft:zombie":1,"born_in_chaos_v1:zombie_lumberjack":1,"mutantmonsters:mutant_zombie":1,"born_in_chaos_v1:door_knight":1,"minecraft:creeper":1,"minecraft:enderman":1},"minecraft:used":{"born_in_chaos_v1:trident_hayfork":14,"cardinal_sins:scytheofsloth":36,"born_in_chaos_v1:darkwarblade":20,"mutantmonsters:creeper_shard":69,"minecraft:sandstone":258,"born_in_chaos_v1:transmuting_elixir":43,"minecraft:sand":326,"mutantmonsters:hulk_hammer":9},"minecraft:mined":{"minecraft:sand":1},"minecraft:custom":{"minecraft:time_since_rest":90049,"minecraft:sprint_one_cm":30731,"minecraft:damage_taken":454,"minecraft:walk_one_cm":47317,"minecraft:mob_kills":17,"minecraft:drop":15,"minecraft:damage_dealt":7951,"minecraft:fly_one_cm":374426,"minecraft:crouch_one_cm":438,"minecraft:play_time":90610,"minecraft:deaths":1,"minecraft:sneak_time":153,"minecraft:jump":447,"minecraft:damage_dealt_resisted":1203,"minecraft:leave_game":9,"minecraft:time_since_death":86226,"minecraft:total_world_time":90610,"minecraft:fall_one_cm":2781}},"DataVersion":3465}