{"stats":{"minecraft:picked_up":{"minecraft:stick":13,"minecraft:sandstone":4,"minecraft:jungle_log":9,"alexsmobs:roadrunner_feather":1,"minecraft:sand":2,"minecraft:bone":2,"minecraft:arrow":2,"bossominium:the_bossdexium":1,"dtterralith:oasis_seed":1,"minecraft:cobblestone":5},"minecraft:dropped":{"bossominium:the_bossdexium":1},"minecraft:custom":{"minecraft:time_since_rest":8293,"minecraft:sprint_one_cm":46230,"minecraft:damage_taken":768,"minecraft:walk_one_cm":60858,"minecraft:mob_kills":4,"minecraft:drop":1,"minecraft:damage_dealt":307,"minecraft:interact_with_crafting_table":1,"minecraft:swim_one_cm":18012,"minecraft:fly_one_cm":69532,"minecraft:open_chest":4,"minecraft:crouch_one_cm":447,"minecraft:play_time":17437,"minecraft:deaths":2,"minecraft:sneak_time":75,"minecraft:walk_under_water_one_cm":5295,"minecraft:jump":304,"minecraft:leave_game":1,"minecraft:walk_on_water_one_cm":2818,"minecraft:time_since_death":8264,"minecraft:total_world_time":17437,"minecraft:fall_one_cm":10266},"minecraft:killed":{"alexsmobs:roadrunner":1,"alexsmobs:triops":3},"minecraft:crafted":{"minecraft:wooden_pickaxe":1,"minecraft:wooden_axe":1,"minecraft:jungle_slab":6,"minecraft:jungle_planks":36},"minecraft:used":{"dtterralith:oasis_seed":1,"minecraft:wooden_axe":4,"minecraft:wooden_pickaxe":15,"minecraft:sandstone":4,"alexsmobs:animal_dictionary":2},"minecraft:mined":{"minecraft:cut_sandstone_slab":1,"minecraft:dead_bush":1,"minecraft:sand":3,"minecraft:stone":10,"minecraft:small_dripleaf":2,"minecraft:sandstone":4}},"DataVersion":3465}