{"stats":{"minecraft:picked_up":{"minecraft:crafting_table":9,"minecraft:wheat":108,"minecraft:golden_pickaxe":4,"alexsmobs:roadrunner_feather":1,"minecraft:enchanted_book":5,"minecraft:moss_carpet":4,"minecraft:iron_axe":5,"minecraft:beetroot":15,"minecraft:gold_nugget":18,"minecraft:azalea":2,"minecraft:iron_pickaxe":7,"minecraft:lectern":7,"minecraft:melon_slice":383,"minecraft:stick":66,"minecraft:raw_iron":2,"minecraft:sandstone":75,"minecraft:raw_gold_block":3,"minecraft:composter":1,"minecraft:torch":2,"minecraft:spruce_stairs":1,"minecraft:fire_charge":5,"minecraft:carrot":201,"minecraft:redstone":88,"minecraft:orange_bed":5,"minecraft:arrow":9,"minecraft:rotten_flesh":66,"minecraft:beetroot_seeds":39,"dtterralith:oasis_seed":1,"minecraft:cobblestone":22,"born_in_chaos_v1:corpse_maggot":8,"born_in_chaos_v1:monster_flesh":1,"minecraft:jungle_log":9,"minecraft:leather":15,"minecraft:cut_sandstone":71,"minecraft:potato":338,"minecraft:cut_sandstone_slab":1,"minecraft:orange_terracotta":2,"minecraft:bone":11,"minecraft:light_blue_banner":7,"minecraft:apple":40,"minecraft:bow":6,"minecraft:wheat_seeds":343,"minecraft:raw_gold":18,"minecraft:iron_ingot":10,"minecraft:iron_ore":8,"minecraft:cobweb":12,"minecraft:iron_sword":7,"minecraft:book":470,"minecraft:daylight_detector":8,"born_in_chaos_v1:ethereal_spirit":7,"minecraft:poisonous_potato":2,"minecraft:jungle_planks":36,"minecraft:sand":12,"minecraft:red_banner":12,"minecraft:chiseled_sandstone":2,"minecraft:diamond":4,"bossominium:the_bossdexium":1,"minecraft:iron_helmet":6,"alexsmobs:tarantula_hawk_wing_fragment":3,"minecraft:bone_meal":1,"minecraft:bread":14,"minecraft:emerald":23,"minecraft:blue_banner":12,"minecraft:melon_seeds":2,"minecraft:coal":14},"minecraft:dropped":{"minecraft:daylight_detector":8,"minecraft:golden_pickaxe":2,"minecraft:poisonous_potato":2,"minecraft:jungle_planks":8,"minecraft:spruce_stairs":1,"minecraft:cut_sandstone_slab":1,"minecraft:raw_gold_block":1,"bossominium:the_bossdexium":1,"minecraft:stick":1,"minecraft:jungle_slab":6,"minecraft:cobweb":12,"born_in_chaos_v1:monster_flesh":1,"minecraft:wooden_axe":1,"minecraft:melon_slice":40,"minecraft:cut_sandstone":3,"minecraft:bone_meal":1,"minecraft:sand":2,"minecraft:bone":2,"alexsmobs:tarantula_hawk_wing_fragment":1,"born_in_chaos_v1:ethereal_spirit":1,"minecraft:composter":1,"minecraft:rotten_flesh":12,"minecraft:potato":33,"minecraft:orange_terracotta":2,"born_in_chaos_v1:corpse_maggot":2,"minecraft:azalea":2,"minecraft:sandstone":1,"minecraft:arrow":4,"minecraft:wooden_pickaxe":1},"minecraft:custom":{"minecraft:mob_kills":18,"minecraft:interact_with_crafting_table":5,"minecraft:open_barrel":2,"minecraft:damage_dealt_resisted":1246,"minecraft:leave_game":5,"minecraft:time_since_death":11903,"minecraft:climb_one_cm":1935,"minecraft:sprint_one_cm":279919,"minecraft:walk_one_cm":295247,"minecraft:drop":153,"minecraft:play_time":92356,"minecraft:deaths":9,"minecraft:sneak_time":1439,"minecraft:walk_under_water_one_cm":9384,"minecraft:jump":1282,"minecraft:walk_on_water_one_cm":9258,"minecraft:total_world_time":92356,"minecraft:interact_with_furnace":6,"minecraft:interact_with_loom":1,"minecraft:sleep_in_bed":3,"minecraft:time_since_rest":11933,"minecraft:damage_taken":4466,"minecraft:damage_dealt":3905,"minecraft:swim_one_cm":25449,"minecraft:fly_one_cm":275528,"minecraft:open_chest":19,"minecraft:crouch_one_cm":4703,"minecraft:fall_one_cm":32494,"minecraft:horse_one_cm":19},"minecraft:killed":{"alexsmobs:tarantula_hawk":1,"born_in_chaos_v1:restless_spirit":1,"born_in_chaos_v1:maggot":3,"alexsmobs:triops":3,"minecraft:husk":3,"minecraft:creeper":2,"born_in_chaos_v1:corpse_fly":1,"alexsmobs:roadrunner":1,"born_in_chaos_v1:door_knight":2},"minecraft:crafted":{"minecraft:iron_axe":1,"minecraft:wooden_pickaxe":1,"minecraft:iron_helmet":1,"minecraft:iron_sword":1,"minecraft:jungle_slab":6,"minecraft:air":0,"minecraft:jungle_planks":36,"minecraft:raw_gold":18,"minecraft:iron_ingot":5,"minecraft:wooden_axe":1},"minecraft:used":{"born_in_chaos_v1:ethereal_spirit":6,"minecraft:stone":4,"minecraft:iron_sword":83,"minecraft:orange_bed":4,"minecraft:jungle_planks":19,"minecraft:carrot":78,"born_in_chaos_v1:corpse_maggot":2,"dtterralith:oasis_seed":1,"minecraft:wooden_axe":99,"minecraft:iron_axe":1,"minecraft:iron_helmet":2,"minecraft:bow":9,"minecraft:potato":3,"minecraft:iron_ore":2,"minecraft:wooden_pickaxe":53,"minecraft:sandstone":27,"minecraft:cut_sandstone":11,"minecraft:crafting_table":2,"minecraft:melon_slice":3,"minecraft:bread":4,"minecraft:iron_pickaxe":60,"minecraft:cobblestone":14,"alexsmobs:animal_dictionary":2},"minecraft:mined":{"minecraft:dark_oak_planks":1,"minecraft:cut_sandstone_slab":3,"minecraft:attached_melon_stem":1,"minecraft:composter":1,"minecraft:sandstone":21,"minecraft:light_blue_wall_banner":1,"minecraft:carrots":14,"minecraft:raw_gold_block":1,"minecraft:iron_ore":2,"minecraft:chiseled_sandstone":1,"minecraft:bookshelf":20,"minecraft:potatoes":12,"minecraft:azalea":2,"minecraft:stone":27,"minecraft:orange_bed":5,"minecraft:blue_wall_banner":2,"minecraft:cut_sandstone":20,"ecologics:pot":1,"minecraft:orange_terracotta":2,"minecraft:crafting_table":3,"minecraft:melon":12,"minecraft:dead_bush":1,"minecraft:lectern":1,"minecraft:tall_grass":1,"minecraft:spruce_stairs":1,"minecraft:wheat":18,"minecraft:red_wall_banner":2,"minecraft:grass":9,"minecraft:beetroots":20,"minecraft:sand":7,"minecraft:small_dripleaf":2,"minecraft:fern":2}},"DataVersion":3465}