{"stats":{"minecraft:picked_up":{"minecraft:book":24,"minecraft:stick":55,"minecraft:crafting_table":3,"minecraft:wheat":2,"minecraft:jungle_log":22,"patchouli:guide_book":1,"minecraft:green_bed":1,"minecraft:sand":2,"minecraft:jungle_planks":69,"alexsmobs:animal_dictionary":1,"alexsmobs:komodo_spit":2,"minecraft:wheat_seeds":10,"bossominium:the_bossdexium":1,"dtterralith:oasis_seed":8,"minecraft:bread":9,"minecraft:lectern":1},"minecraft:dropped":{"dtterralith:oasis_seed":3,"minecraft:wheat_seeds":4,"alexsmobs:animal_dictionary":1,"patchouli:guide_book":1,"bossominium:the_bossdexium":1},"minecraft:custom":{"minecraft:time_since_rest":7609,"minecraft:sprint_one_cm":54716,"minecraft:damage_taken":410,"minecraft:walk_one_cm":84053,"minecraft:mob_kills":1,"minecraft:drop":5,"minecraft:damage_dealt":167,"minecraft:interact_with_crafting_table":3,"minecraft:fly_one_cm":79525,"minecraft:crouch_one_cm":1576,"minecraft:play_time":22304,"minecraft:deaths":1,"minecraft:bell_ring":5,"minecraft:sneak_time":1960,"minecraft:jump":347,"minecraft:interact_with_grindstone":1,"minecraft:leave_game":1,"minecraft:walk_on_water_one_cm":79,"minecraft:time_since_death":7580,"minecraft:total_world_time":22304,"minecraft:climb_one_cm":24,"minecraft:fall_one_cm":7531},"minecraft:killed":{"alexsmobs:roadrunner":1},"minecraft:crafted":{"minecraft:crafting_table":1,"minecraft:wooden_axe":2,"minecraft:jungle_planks":88},"minecraft:used":{"minecraft:wheat_seeds":2,"dtterralith:oasis_seed":2,"minecraft:wooden_axe":18,"minecraft:bread":1,"minecraft:sand":2,"minecraft:crafting_table":2,"alexsmobs:animal_dictionary":1},"minecraft:mined":{"minecraft:wheat":2,"minecraft:crafting_table":2,"minecraft:bookshelf":8,"minecraft:dead_bush":1,"minecraft:lectern":1,"minecraft:sand":3,"minecraft:green_bed":1}},"DataVersion":3465}