{"stats":{"minecraft:picked_up":{"minecraft:wooden_axe":1,"born_in_chaos_v1:corpse_maggot":2,"minecraft:crafting_table":9,"minecraft:wheat":12,"minecraft:jungle_log":22,"minecraft:wooden_pickaxe":2,"minecraft:dirt":1,"minecraft:moss_carpet":2,"alexsmobs:komodo_spit":4,"minecraft:wheat_seeds":31,"minecraft:spruce_planks":2,"minecraft:stone_pickaxe":8,"minecraft:lectern":3,"minecraft:melon_slice":40,"minecraft:sugar_cane":9,"minecraft:book":72,"minecraft:raw_iron":48,"minecraft:stick":91,"minecraft:sandstone":2,"patchouli:guide_book":1,"minecraft:green_bed":1,"minecraft:sand":4,"minecraft:jungle_planks":197,"minecraft:carrot":1,"alexsmobs:animal_dictionary":1,"minecraft:rotten_flesh":20,"bossominium:the_bossdexium":1,"minecraft:granite":1,"dtterralith:oasis_seed":8,"minecraft:bread":22,"minecraft:coal":54,"iceandfire:raw_silver":1,"minecraft:cobblestone":54},"minecraft:broken":{"minecraft:wooden_axe":1},"minecraft:dropped":{"minecraft:iron_ingot":8,"minecraft:moss_carpet":2,"minecraft:wheat_seeds":4,"alexsmobs:animal_dictionary":1,"minecraft:dark_oak_sapling":1,"minecraft:rotten_flesh":20,"minecraft:granite":1,"patchouli:guide_book":1,"bossominium:the_bossdexium":1,"minecraft:leather_chestplate":1,"minecraft:dirt":1,"dtterralith:oasis_seed":3,"born_in_chaos_v1:corpse_maggot":2,"minecraft:leather_boots":1,"minecraft:leather_leggings":1,"minecraft:wooden_pickaxe":1},"minecraft:custom":{"minecraft:interact_with_furnace":24,"minecraft:mob_kills":3,"minecraft:interact_with_crafting_table":29,"minecraft:open_barrel":5,"minecraft:bell_ring":5,"minecraft:damage_dealt_resisted":297,"minecraft:interact_with_grindstone":1,"minecraft:leave_game":7,"minecraft:time_since_death":56701,"minecraft:sleep_in_bed":1,"minecraft:climb_one_cm":2128,"minecraft:time_since_rest":56725,"minecraft:sprint_one_cm":187700,"minecraft:damage_taken":1897,"minecraft:walk_one_cm":343500,"minecraft:drop":36,"minecraft:damage_dealt":1370,"minecraft:swim_one_cm":190,"minecraft:fly_one_cm":220119,"minecraft:open_chest":7,"minecraft:crouch_one_cm":20886,"minecraft:play_time":92939,"minecraft:deaths":3,"minecraft:sneak_time":6264,"minecraft:walk_under_water_one_cm":5752,"minecraft:jump":1356,"minecraft:walk_on_water_one_cm":2931,"minecraft:total_world_time":92939,"minecraft:fall_one_cm":27015},"minecraft:killed":{"minecraft:skeleton":1,"born_in_chaos_v1:corpse_fly":1,"alexsmobs:roadrunner":1},"minecraft:crafted":{"minecraft:crafting_table":2,"minecraft:wooden_pickaxe":1,"minecraft:furnace":1,"minecraft:bucket":1,"minecraft:air":0,"minecraft:jungle_planks":88,"minecraft:iron_boots":1,"minecraft:iron_chestplate":1,"minecraft:shield":1,"minecraft:iron_axe":1,"minecraft:iron_ingot":38,"minecraft:iron_pickaxe":1,"minecraft:stone_pickaxe":4,"minecraft:wooden_axe":2,"minecraft:iron_leggings":1},"minecraft:used":{"minecraft:wheat_seeds":2,"minecraft:water_bucket":10,"minecraft:iron_ore":50,"minecraft:stone_pickaxe":56,"minecraft:wooden_pickaxe":14,"minecraft:sandstone":2,"minecraft:iron_sword":40,"minecraft:green_bed":1,"minecraft:sand":4,"minecraft:crafting_table":8,"minecraft:jungle_planks":24,"minecraft:carrot":1,"minecraft:wooden_axe":45,"dtterralith:oasis_seed":2,"minecraft:melon_slice":12,"minecraft:iron_axe":4,"minecraft:bread":15,"minecraft:cobblestone":14,"minecraft:furnace":1,"minecraft:bucket":11,"alexsmobs:animal_dictionary":1},"minecraft:mined":{"minecraft:spruce_planks":1,"minecraft:crafting_table":6,"minecraft:granite":1,"minecraft:grass_block":1,"minecraft:dead_bush":1,"minecraft:lectern":1,"minecraft:sugar_cane":1,"minecraft:sandstone":2,"minecraft:wall_torch":1,"minecraft:iron_ore":29,"minecraft:wheat":3,"minecraft:moss_carpet":1,"minecraft:grass":1,"minecraft:bookshelf":8,"minecraft:coal_ore":14,"minecraft:sand":6,"dynamictrees:jungle_undergrowth_leaves":2,"minecraft:stone":22,"minecraft:green_bed":1,"minecraft:fern":2}},"DataVersion":3465}