{"stats":{"minecraft:picked_up":{"minecraft:wooden_axe":1,"minecraft:crafting_table":1,"minecraft:wheat":1,"born_in_chaos_v1:monster_flesh":1,"minecraft:jungle_log":7,"minecraft:bedrock":10,"casinocraft:rulebook_7_0":1,"minecraft:netherite_scrap":1,"born_in_chaos_v1:monster_skin":1,"casinocraft:rulebook_1_1":1,"minecraft:wheat_seeds":1,"minecraft:iron_ingot":4,"dynamictreesplus:pillar_cactus_seed":12,"casinocraft:rulebook_2_1":2,"minecraft:sugar_cane":8,"minecraft:dark_oak_door":2,"minecraft:stick":17,"patchouli:guide_book":1,"minecraft:sand":19,"casinocraft:rulebook_5_1":2,"alexsmobs:animal_dictionary":1,"minecraft:cactus":2,"bossominium:the_bossdexium":1,"minecraft:hay_block":12,"dtterralith:oasis_seed":8,"minecraft:golden_apple":1,"minecraft:emerald":1,"casinocraft:rulebook_2_2":3,"minecraft:gold_ingot":2,"born_in_chaos_v1:fused_bone":1},"minecraft:dropped":{"minecraft:bread":9,"minecraft:wheat_seeds":1,"minecraft:crafting_table":1,"minecraft:bedrock":1},"minecraft:custom":{"minecraft:mob_kills":2,"minecraft:interact_with_crafting_table":3,"minecraft:leave_game":6,"minecraft:time_since_death":8119,"minecraft:climb_one_cm":15,"minecraft:time_since_rest":8147,"minecraft:sprint_one_cm":106296,"minecraft:damage_taken":832,"minecraft:walk_one_cm":392075,"minecraft:drop":12,"minecraft:damage_dealt":461,"minecraft:fly_one_cm":727324,"minecraft:crouch_one_cm":7353,"minecraft:play_time":293050,"minecraft:deaths":3,"minecraft:sneak_time":2146,"minecraft:jump":446,"minecraft:walk_on_water_one_cm":447,"minecraft:total_world_time":293050,"minecraft:fall_one_cm":4182},"minecraft:killed":{"born_in_chaos_v1:dread_hound":1,"alexsmobs:roadrunner":1},"minecraft:crafted":{"minecraft:crafting_table":1,"minecraft:wooden_pickaxe":1,"minecraft:bread":36,"minecraft:jungle_planks":28,"minecraft:wheat":108},"minecraft:used":{"minecraft:dark_oak_stairs":850,"minecraft:netherite_sword":2,"casinocraft:cardtable_base_orange":5,"minecraft:oak_sign":25,"minecraft:cactus":3,"minecraft:spruce_planks":360,"minecraft:sugar_cane":8,"casinocraft:cardtable_wide_purple":3,"casinocraft:arcade_slot_lime":1,"minecraft:torch":35,"casinocraft:arcade_slot_white":3,"casinocraft:cardtable_base_red":6,"casinocraft:arcade_base_black":1,"minecraft:sand":75,"minecraft:crafting_table":1,"alexsmobs:spawn_egg_crocodile":1,"casinocraft:arcade_slot_light_blue":1,"minecraft:dark_oak_door":7,"casinocraft:cardtable_wide_white":1,"minecraft:glass":87,"minecraft:dark_oak_planks":380,"minecraft:wooden_axe":5,"dtterralith:oasis_seed":8,"casinocraft:arcade_base_yellow":1,"casinocraft:arcade_slot_brown":1,"minecraft:bread":2,"casinocraft:cardtable_wide_blue":2,"casinocraft:arcade_base_lime":1,"minecraft:dark_oak_slab":63,"casinocraft:arcade_slot_yellow":1,"casinocraft:cardtable_wide_magenta":1,"casinocraft:arcade_slot_orange":1,"casinocraft:arcade_slot_magenta":1,"minecraft:item_frame":1,"casinocraft:cardtable_wide_orange":6,"casinocraft:arcade_slot_gray":2,"casinocraft:cardtable_base_black":5,"dynamictreesplus:pillar_cactus_seed":2,"minecraft:oak_hanging_sign":14,"casinocraft:arcade_slot_pink":1},"minecraft:mined":{"minecraft:moss_block":1,"minecraft:sugar_cane":4,"minecraft:hay_block":12}},"DataVersion":3465}