{"stats":{"minecraft:picked_up":{"born_in_chaos_v1:fused_bone":1,"minecraft:stick":1,"minecraft:cactus":2,"patchouli:guide_book":1,"bossominium:the_bossdexium":1,"minecraft:sand":19,"dynamictreesplus:pillar_cactus_seed":12,"alexsmobs:animal_dictionary":1,"minecraft:dark_oak_door":2},"minecraft:used":{"minecraft:glass":38,"minecraft:dark_oak_planks":124,"minecraft:dark_oak_stairs":236,"minecraft:sand":75,"minecraft:cactus":3,"minecraft:spruce_planks":131,"minecraft:dark_oak_slab":45,"dynamictreesplus:pillar_cactus_seed":2,"minecraft:dark_oak_door":7},"minecraft:custom":{"minecraft:time_since_rest":76436,"minecraft:crouch_one_cm":857,"minecraft:play_time":77340,"minecraft:sprint_one_cm":15934,"minecraft:walk_one_cm":107751,"minecraft:damage_taken":255,"minecraft:deaths":1,"minecraft:sneak_time":262,"minecraft:jump":128,"minecraft:time_since_death":76412,"minecraft:total_world_time":77340,"minecraft:fly_one_cm":253808}},"DataVersion":3465}