{"stats":{"minecraft:mined":{"iceandfire:silver_ore":2,"minecraft:grass_block":25,"minecraft:moss_block":1,"minecraft:sandstone":2,"minecraft:hay_block":12,"minecraft:iron_ore":34,"minecraft:vine":1,"minecraft:stone":42,"minecraft:bone_block":5,"minecraft:melon":4,"minecraft:sugar_cane":11,"minecraft:white_terracotta":6,"minecraft:coarse_dirt":4,"minecraft:grass":5,"minecraft:coal_ore":6,"minecraft:sand":1,"minecraft:dirt":17,"minecraft:cobweb":1,"minecraft:brown_terracotta":8,"minecraft:small_dripleaf":1},"minecraft:killed":{"minecraft:spider":3,"minecraft:skeleton":5,"minecraft:husk":2,"alexsmobs:guster":2,"born_in_chaos_v1:decrepit_skeleton":3,"born_in_chaos_v1:dread_hound":3,"born_in_chaos_v1:corpse_fly":3,"alexsmobs:roadrunner":1},"minecraft:crafted":{"minecraft:stone_shovel":1,"minecraft:furnace":1,"patchouli:guide_book":1,"minecraft:stone_pickaxe":1,"minecraft:wheat":108,"minecraft:crafting_table":3,"minecraft:wooden_pickaxe":1,"minecraft:stone_axe":1,"minecraft:jungle_planks":28,"minecraft:air":0,"minecraft:bread":37,"minecraft:shield":1,"minecraft:stick":4,"minecraft:iron_ingot":19,"minecraft:gold_ingot":9},"minecraft:dropped":{"minecraft:bread":14,"minecraft:wheat_seeds":1,"minecraft:crafting_table":1,"minecraft:bedrock":1,"minecraft:rotten_flesh":3,"minecraft:sandstone":6,"minecraft:wooden_pickaxe":1},"minecraft:custom":{"minecraft:mob_kills":22,"minecraft:interact_with_crafting_table":17,"minecraft:open_barrel":18,"minecraft:damage_dealt_resisted":918,"minecraft:leave_game":11,"minecraft:time_since_death":92822,"minecraft:climb_one_cm":2477,"minecraft:sprint_one_cm":298696,"minecraft:walk_one_cm":705971,"minecraft:damage_blocked_by_shield":1185,"minecraft:drop":22,"minecraft:play_time":420431,"minecraft:deaths":8,"minecraft:sneak_time":3382,"minecraft:walk_under_water_one_cm":15301,"minecraft:jump":1638,"minecraft:walk_on_water_one_cm":12499,"minecraft:total_world_time":420431,"minecraft:interact_with_furnace":19,"minecraft:sleep_in_bed":2,"minecraft:time_since_rest":92643,"minecraft:damage_taken":3775,"minecraft:damage_dealt":4928,"minecraft:swim_one_cm":2446,"minecraft:fly_one_cm":1194041,"minecraft:open_chest":11,"minecraft:crouch_one_cm":9369,"minecraft:fall_one_cm":29374},"minecraft:picked_up":{"minecraft:wooden_axe":3,"minecraft:iron_chestplate":2,"minecraft:crafting_table":1,"minecraft:coarse_dirt":7,"minecraft:wheat":18,"minecraft:wooden_pickaxe":5,"casinocraft:rulebook_7_0":1,"minecraft:shield":2,"minecraft:string":4,"minecraft:moss_carpet":3,"minecraft:netherite_scrap":1,"minecraft:iron_leggings":2,"casinocraft:rulebook_1_1":1,"minecraft:oak_sign":5,"minecraft:gold_nugget":195,"minecraft:bucket":3,"minecraft:iron_nugget":94,"minecraft:melon_slice":60,"minecraft:sugar_cane":55,"minecraft:diamond_hoe":2,"minecraft:iron_boots":2,"minecraft:dark_oak_door":4,"minecraft:dark_oak_sapling":3,"minecraft:stick":81,"minecraft:raw_iron":29,"minecraft:sandstone":10,"minecraft:brown_terracotta":32,"minecraft:torch":12,"minecraft:redstone":6,"bloodmagic:arcaneashes":4,"casinocraft:rulebook_5_1":2,"minecraft:stone_shovel":1,"minecraft:arrow":23,"minecraft:cactus":2,"minecraft:rotten_flesh":9,"minecraft:beetroot_seeds":3,"minecraft:vex_armor_trim_smithing_template":4,"minecraft:hay_block":12,"dtterralith:oasis_seed":12,"minecraft:saddle":6,"casinocraft:rulebook_2_2":7,"minecraft:gold_ingot":3,"minecraft:white_terracotta":36,"minecraft:cobblestone":137,"minecraft:bone_block":30,"born_in_chaos_v1:fused_bone":1,"born_in_chaos_v1:corpse_maggot":5,"minecraft:leather_chestplate":1,"born_in_chaos_v1:monster_flesh":3,"minecraft:jungle_log":7,"minecraft:bedrock":14,"minecraft:gunpowder":101,"minecraft:lapis_lazuli":2,"minecraft:dirt":88,"minecraft:name_tag":6,"born_in_chaos_v1:monster_skin":2,"minecraft:bone":56,"bloodmagic:divinationsigil":1,"minecraft:wheat_seeds":25,"minecraft:iron_ingot":14,"minecraft:stone_pickaxe":5,"dynamictreesplus:pillar_cactus_seed":13,"casinocraft:rulebook_2_1":2,"minecraft:iron_sword":3,"minecraft:music_disc_13":2,"patchouli:guide_book":1,"minecraft:jungle_planks":70,"minecraft:sand":121,"minecraft:spider_eye":1,"alexsmobs:animal_dictionary":1,"alexsmobs:guster_eye":1,"minecraft:diamond":1,"minecraft:stone_axe":5,"bossominium:the_bossdexium":1,"minecraft:iron_helmet":2,"minecraft:golden_apple":1,"minecraft:bread":73,"minecraft:emerald":2,"minecraft:melon_seeds":6,"minecraft:coal":24,"iceandfire:raw_silver":6,"minecraft:sunflower":2},"minecraft:used":{"minecraft:moss_carpet":1,"minecraft:netherite_sword":2,"casinocraft:cardtable_base_orange":5,"minecraft:stone_shovel":34,"securitycraft:keypad_chest":2,"minecraft:oak_sign":25,"minecraft:chest":3,"minecraft:spruce_planks":425,"minecraft:shield":19,"minecraft:iron_sword":83,"casinocraft:cardtable_wide_purple":3,"minecraft:torch":49,"casinocraft:cardtable_base_red":6,"casinocraft:arcade_slot_white":3,"casinocraft:arcade_slot_light_blue":1,"minecraft:jungle_planks":1,"minecraft:dark_oak_planks":414,"minecraft:glass":87,"dtterralith:oasis_seed":8,"minecraft:wooden_axe":5,"casinocraft:arcade_base_yellow":1,"casinocraft:arcade_slot_brown":1,"casinocraft:arcade_base_lime":1,"minecraft:dark_oak_slab":63,"casinocraft:arcade_slot_yellow":1,"casinocraft:cardtable_wide_magenta":1,"casinocraft:arcade_slot_orange":1,"casinocraft:arcade_slot_magenta":1,"minecraft:item_frame":1,"minecraft:furnace":1,"casinocraft:arcade_slot_gray":2,"dynamictreesplus:pillar_cactus_seed":2,"casinocraft:arcade_slot_pink":1,"minecraft:dark_oak_stairs":852,"minecraft:stone_pickaxe":90,"minecraft:cactus":3,"minecraft:wooden_pickaxe":21,"quark:dark_oak_vertical_slab":4,"minecraft:sugar_cane":8,"casinocraft:arcade_slot_lime":1,"casinocraft:arcade_base_black":1,"minecraft:sand":83,"minecraft:crafting_table":3,"alexsmobs:spawn_egg_crocodile":1,"minecraft:spruce_log":91,"minecraft:dark_oak_door":9,"casinocraft:cardtable_wide_white":1,"bloodmagic:arcaneashes":15,"minecraft:bread":26,"casinocraft:cardtable_wide_blue":2,"minecraft:melon_slice":2,"minecraft:stone_axe":22,"casinocraft:cardtable_wide_orange":6,"casinocraft:cardtable_base_black":5,"minecraft:coarse_dirt":3,"minecraft:oak_hanging_sign":14}},"DataVersion":3465}