{"stats":{"minecraft:picked_up":{"minecraft:dark_oak_door":2,"minecraft:stick":1,"minecraft:cactus":2,"patchouli:guide_book":1,"bossominium:the_bossdexium":1,"minecraft:sand":19,"dynamictreesplus:pillar_cactus_seed":12,"alexsmobs:animal_dictionary":1,"born_in_chaos_v1:fused_bone":1},"minecraft:used":{"minecraft:torch":24,"minecraft:dark_oak_planks":314,"minecraft:glass":85,"minecraft:dark_oak_stairs":798,"minecraft:sand":75,"minecraft:cactus":3,"minecraft:spruce_planks":353,"dynamictreesplus:pillar_cactus_seed":2,"minecraft:dark_oak_slab":63,"minecraft:dark_oak_door":7},"minecraft:custom":{"minecraft:time_since_rest":107592,"minecraft:crouch_one_cm":1184,"minecraft:sprint_one_cm":28884,"minecraft:play_time":108496,"minecraft:deaths":1,"minecraft:damage_taken":255,"minecraft:walk_one_cm":167901,"minecraft:sneak_time":751,"minecraft:jump":183,"minecraft:damage_dealt":50,"minecraft:leave_game":1,"minecraft:time_since_death":107568,"minecraft:total_world_time":108496,"minecraft:fly_one_cm":502015}},"DataVersion":3465}