{"stats":{"minecraft:picked_up":{"minecraft:stick":1,"minecraft:sand":18,"dynamictreesplus:pillar_cactus_seed":4,"minecraft:cactus":2,"patchouli:guide_book":1,"alexsmobs:animal_dictionary":1,"bossominium:the_bossdexium":1},"minecraft:used":{"minecraft:cactus":3,"dynamictreesplus:pillar_cactus_seed":2,"minecraft:sand":69},"minecraft:custom":{"minecraft:jump":29,"minecraft:time_since_rest":28436,"minecraft:sprint_one_cm":1727,"minecraft:deaths":1,"minecraft:play_time":29340,"minecraft:damage_taken":255,"minecraft:time_since_death":28412,"minecraft:walk_one_cm":6919,"minecraft:sneak_time":50,"minecraft:total_world_time":29340,"minecraft:fly_one_cm":52096}},"DataVersion":3465}