{"stats":{"minecraft:picked_up":{"minecraft:dark_oak_door":2,"minecraft:stick":1,"minecraft:cactus":2,"patchouli:guide_book":1,"bossominium:the_bossdexium":1,"minecraft:sand":19,"dynamictreesplus:pillar_cactus_seed":12,"alexsmobs:animal_dictionary":1,"born_in_chaos_v1:fused_bone":1},"minecraft:used":{"casinocraft:arcade_slot_lime":1,"minecraft:torch":35,"minecraft:dark_oak_planks":379,"minecraft:glass":85,"minecraft:dark_oak_stairs":850,"casinocraft:arcade_slot_brown":1,"casinocraft:arcade_slot_white":3,"minecraft:sand":75,"casinocraft:arcade_slot_light_blue":1,"casinocraft:arcade_slot_gray":1,"minecraft:cactus":3,"minecraft:spruce_planks":360,"dynamictreesplus:pillar_cactus_seed":2,"minecraft:dark_oak_slab":63,"casinocraft:arcade_slot_yellow":1,"minecraft:oak_hanging_sign":12,"casinocraft:arcade_slot_pink":1,"minecraft:item_frame":1,"casinocraft:arcade_slot_orange":1,"minecraft:dark_oak_door":7,"casinocraft:arcade_slot_magenta":1},"minecraft:custom":{"minecraft:time_since_rest":179592,"minecraft:crouch_one_cm":1456,"minecraft:sprint_one_cm":34432,"minecraft:play_time":180496,"minecraft:deaths":1,"minecraft:damage_taken":255,"minecraft:walk_one_cm":206298,"minecraft:sneak_time":813,"minecraft:jump":205,"minecraft:damage_dealt":50,"minecraft:leave_game":1,"minecraft:time_since_death":179568,"minecraft:total_world_time":180496,"minecraft:fly_one_cm":550137}},"DataVersion":3465}