{"stats":{"minecraft:picked_up":{"minecraft:dark_oak_door":2,"minecraft:stick":1,"born_in_chaos_v1:monster_flesh":1,"patchouli:guide_book":1,"minecraft:bedrock":2,"minecraft:sand":19,"alexsmobs:animal_dictionary":1,"born_in_chaos_v1:monster_skin":1,"minecraft:cactus":2,"bossominium:the_bossdexium":1,"minecraft:golden_apple":1,"dynamictreesplus:pillar_cactus_seed":12,"casinocraft:rulebook_2_1":2,"minecraft:gold_ingot":1,"born_in_chaos_v1:fused_bone":1},"minecraft:killed":{"born_in_chaos_v1:dread_hound":1},"minecraft:used":{"minecraft:glass":87,"minecraft:dark_oak_stairs":850,"minecraft:dark_oak_planks":379,"minecraft:netherite_sword":2,"casinocraft:arcade_slot_brown":1,"casinocraft:cardtable_wide_blue":2,"minecraft:oak_sign":8,"minecraft:cactus":3,"minecraft:spruce_planks":360,"minecraft:dark_oak_slab":63,"casinocraft:arcade_slot_yellow":1,"casinocraft:cardtable_wide_magenta":1,"casinocraft:arcade_slot_orange":1,"casinocraft:arcade_slot_magenta":1,"casinocraft:cardtable_wide_purple":1,"casinocraft:arcade_slot_lime":1,"minecraft:item_frame":1,"minecraft:torch":35,"casinocraft:cardtable_base_red":6,"casinocraft:arcade_slot_white":3,"minecraft:sand":75,"casinocraft:cardtable_wide_orange":4,"casinocraft:arcade_slot_light_blue":1,"casinocraft:arcade_slot_gray":2,"casinocraft:cardtable_base_black":2,"dynamictreesplus:pillar_cactus_seed":2,"minecraft:oak_hanging_sign":13,"casinocraft:arcade_slot_pink":1,"minecraft:dark_oak_door":7},"minecraft:custom":{"minecraft:time_since_rest":215182,"minecraft:sprint_one_cm":39943,"minecraft:damage_taken":255,"minecraft:walk_one_cm":262576,"minecraft:mob_kills":1,"minecraft:damage_dealt":200,"minecraft:fly_one_cm":551048,"minecraft:crouch_one_cm":1794,"minecraft:play_time":216086,"minecraft:deaths":1,"minecraft:sneak_time":850,"minecraft:jump":211,"minecraft:leave_game":2,"minecraft:time_since_death":215158,"minecraft:total_world_time":216086}},"DataVersion":3465}