{"stats":{"minecraft:picked_up":{"minecraft:dark_oak_door":2,"minecraft:stick":1,"born_in_chaos_v1:monster_flesh":1,"patchouli:guide_book":1,"minecraft:sand":19,"alexsmobs:animal_dictionary":1,"born_in_chaos_v1:monster_skin":1,"minecraft:cactus":2,"bossominium:the_bossdexium":1,"dynamictreesplus:pillar_cactus_seed":12,"born_in_chaos_v1:fused_bone":1},"minecraft:killed":{"born_in_chaos_v1:dread_hound":1},"minecraft:used":{"minecraft:glass":87,"minecraft:dark_oak_stairs":850,"minecraft:dark_oak_planks":379,"minecraft:netherite_sword":2,"casinocraft:arcade_slot_brown":1,"minecraft:cactus":3,"minecraft:spruce_planks":360,"minecraft:dark_oak_slab":63,"casinocraft:arcade_slot_yellow":1,"casinocraft:arcade_slot_orange":1,"casinocraft:arcade_slot_magenta":1,"casinocraft:arcade_slot_lime":1,"minecraft:item_frame":1,"minecraft:torch":35,"casinocraft:cardtable_base_red":3,"casinocraft:arcade_slot_white":3,"minecraft:sand":75,"casinocraft:arcade_slot_light_blue":1,"casinocraft:arcade_slot_gray":1,"dynamictreesplus:pillar_cactus_seed":2,"minecraft:oak_hanging_sign":12,"casinocraft:arcade_slot_pink":1,"minecraft:dark_oak_door":7},"minecraft:custom":{"minecraft:time_since_rest":203182,"minecraft:sprint_one_cm":36878,"minecraft:damage_taken":255,"minecraft:walk_one_cm":230459,"minecraft:mob_kills":1,"minecraft:damage_dealt":200,"minecraft:fly_one_cm":550137,"minecraft:crouch_one_cm":1730,"minecraft:play_time":204086,"minecraft:deaths":1,"minecraft:sneak_time":842,"minecraft:jump":207,"minecraft:leave_game":2,"minecraft:time_since_death":203158,"minecraft:total_world_time":204086}},"DataVersion":3465}